"Y","X1","X2","X3","X4","X5","X6","X7","X8","X9","X10","X11","X12","X13","X14","X15","X16","X17","X18","X19","X20","X21","X22","X23","X24","X25","X26","X27","X28","X29","X30","X31","X32","X33","X34","X35","X36","X37","X38","X39","X40","X41","X42","X43","X44","X45","X46","X47","X48","X49","X50"
18755.2733523544,0.181382645308494,0.62049635052525,0.908306646362725,-0.540936275520809,-0.671436422188078,-0.0932974408435776,-1.43164490799503,-0.753416082219288,-0.722309092831862,-1.28588701028381,-1.20727188827154,0.676979536147253,1.00345496087803,-1.36207177969297,-0.211752076924151,0.814137338367926,0.547341545792356,0.828435572766116,-0.326906736250333,1.48483381488907,0.79228071902273,-0.924867761795501,1.37537140523506,-0.339110694372115,-1.33919777319498,1.13704384355732,0.202047313973929,-1.01862795166665,0.919138898419633,0.00411447596157286,-1.04635071883378,-0.719515127001681,1.69851602992878,0.440487648248349,0.740335254921901,0.67057225862633,1.1237466479501,0.25259979991842,0.752612560985757,-0.231490674796401,0.587424377146782,-0.969727139003162,-1.86992704312578,-0.974777736207273,-0.0542517168856367,0.993016633239143,0.926004511183089,-0.179563712212511,-1.1212622380829,1.5132602140437
-493.512305354989,-1.21696756120563,0.423346481996154,0.926366350143737,1.02147764333499,0.20006961807142,-1.58925477591866,1.51726512707695,-2.47399766548932,1.40144051896074,-0.898801936421484,-0.240967731889437,1.82084014544351,-1.02363090535227,0.142638049286902,-0.1703087888944,0.646683045111942,-0.25469064287285,0.420768317503812,-0.690694446473951,0.256860651166925,-0.00763164658726958,0.532765214505312,-0.864076187531326,0.399549099004155,-0.691198434903616,-0.545313664296879,0.0777674248772383,-0.395694274637755,-1.40187512208169,-1.59617249527455,-0.00108695083499866,0.476512614174886,-1.24947944577848,1.80658383757722,0.990242450457377,0.131228709736795,-0.994796120445298,-1.68609763668785,-0.76342551365319,-0.346571491213722,1.06461020355873,-0.458393368155529,-0.116329403136523,0.478657168491909,1.8517848981972,0.850282302180969,2.07851005421345,0.637415625073836,-0.567433034597622,-0.604881006455612
-25985.5955834564,-1.71764188626327,0.45548260695958,-0.455901212327018,-0.551079273835645,1.73079442122676,0.569777905288405,1.088188526614,0.591832517113314,0.145106715633941,-0.423587432838379,0.935083884023121,0.999437675695264,1.08226166263564,-0.712273563838937,-0.31352034083169,-1.24957565147459,-0.546591230618309,-0.362756584140128,-0.0447368024279871,-1.55260777607539,0.316247262831939,-0.387439564990065,0.802634082817041,-1.02208969870645,-0.454282520916238,-0.877695562828409,0.697165874365407,1.08043831997501,-0.59717853129598,0.333814044239314,0.529995660209437,-0.667175810361389,0.422950707847478,-1.02542721247285,0.165183089971737,-0.481604533979972,-0.820875019539175,0.184083782567773,0.63357896042769,-1.64196782004375,0.472711112574234,-0.116974400594983,-1.39045433482516,-0.822764574317241,0.643775878844229,-1.68393675010205,1.97994191369464,0.0762456131015619,0.385351136829104,-2.7097071501387
-8886.43427953041,-0.71273834291556,2.25880258506533,-0.131615946271865,0.234276434065015,-0.0840181627762811,-1.33166067926443,0.635443647390822,0.48096704606917,-0.11776188062786,0.0322130633297591,-0.709620498379068,1.07500964151203,-0.0357349031952537,2.31791813594312,0.254910216476759,0.275572630549775,-0.636239504583338,0.852200058969776,-1.402975542093,0.463419489110988,1.18365870437988,0.308682976349681,0.455140365705592,-0.40478192266699,-0.407608327628582,0.275892732696902,-1.48282065767145,0.541134752291588,-1.60005276901699,-0.857668549869145,-0.456637062109311,1.84225534152171,-1.39792726201486,0.998837090736683,0.889430024809152,-0.184632864986664,-0.00865518481456753,-0.157978642280641,-1.70945116523238,-0.12543896422444,-0.217379236504305,0.85055488728457,-0.745940598716145,-1.87327251750873,1.36877554422388,2.47514389255781,0.912711131778336,1.39468846444032,-0.849480245052604,1.05556348790836
-9319.72083812936,0.725854154588742,-0.659149207428083,2.1358805830269,0.0304842789114991,0.0248377517655798,-1.2381876663069,0.566888770000222,1.58210629898958,-0.883927441312473,0.446204887746743,2.48635530862679,-0.336864998689548,-1.35153766303863,-1.13465708175236,1.19479500008153,0.127621300685141,-0.572638147124996,-0.322309733685107,-0.78173486069421,-1.86847102368941,0.45537823229881,-0.674976810865595,-0.700386899496614,-0.488756924387686,-0.041102961561756,0.190942332220567,0.73663100250146,-1.39548819933169,-0.720694801269925,1.21224098846671,-1.08311743493613,0.656693983599981,0.623592890158001,1.17158639849862,-0.477608089864725,2.27636954909034,1.55009622373284,-0.839762646345369,0.529912171058605,0.411342960614264,0.333589040575108,-0.372419040182612,-0.778531558105899,0.0942421030264745,-0.774769630929625,-0.488042547326969,-2.85637003036455,0.778634201346167,0.93954153232909,1.85084191616243
1342.87275324193,-0.315882713035918,0.237875143496631,1.77418514201454,0.59500309051706,-0.429553606986669,-0.0872077416175027,-1.36727413687014,0.551111979033095,-0.633160427294485,-0.429637278880991,1.17508808024015,-1.37780827065069,-0.904390995101693,-0.336287578699979,-0.116394754656331,0.58515723645699,-1.00010085089463,0.0475069655390705,0.569447026891481,-0.238703321470439,0.397484715533575,-2.13605546581538,-0.203235553394336,-0.130331372261036,0.261582818615681,0.230584936607763,-0.262338523396344,0.0535049238344766,1.49490335532644,0.798823382018931,1.04646867381793,-0.224092437507885,1.83325367647666,-1.31878111608112,-0.701793600706269,-2.11531594045534,0.504880182434098,-0.151752179210017,1.72467753077574,0.652589412577799,0.673031073527039,-1.11693766420087,-0.0726151563860575,1.34949060451677,0.232583224296313,0.949653366129769,-0.280182227526595,1.18438436846273,-0.470707300526137,3.52672008662641
-37540.9767157537,0.394671729269069,-0.134452877157673,-0.651742989940609,0.716323271546888,-0.414413278804099,-0.0109077093302406,1.46211419268508,-0.776087169796479,-0.809323252093836,-1.20799956143375,1.31525151122418,-0.00866548861303598,0.1588687981357,-1.58621519261585,-0.721608705523013,-0.749220243088261,-1.56648974264847,-0.304999101076722,-0.322848470465062,-0.384709200761901,0.781137715673638,1.64461947304997,-0.536544403636602,0.708562399053623,-0.724859712508944,-0.444069645828517,1.64012590956542,0.303177302199736,1.7586049630057,-0.174189231309674,0.135079159515671,-0.0585880672017513,-0.685632619560703,1.01826204872216,-0.828954991587763,1.06046518831173,0.574845500779877,-0.958146947979918,0.43140126647215,-0.277141708981361,1.80955334527386,0.475147042692697,0.486892687372131,-0.4786734585555,0.573024885312032,0.128582062575633,0.462837321651599,0.281402021047255,1.51080494715766,-1.22276166934332
22665.3411572135,1.08706483811255,-1.28788720070254,1.06102922051667,1.0339735090175,0.537944492897959,0.360527398100826,-0.858260889628943,-0.865724277266757,-0.160478615350887,-0.0906665752524862,1.40713950305483,-1.19044308680932,-1.2586127922489,-0.310822232683401,0.637355233362644,1.34756282882286,0.567818360668957,0.674356139852221,-0.857530153763879,1.01714745702854,2.44001376298722,-0.356700195679754,0.0369255119849867,1.26837494094452,-0.895529917844134,-0.442158378420058,-2.49169362072571,0.836324358808295,-0.901250170697387,-1.17259499285949,-0.00379483647600989,-0.175810298775101,-1.67321256522861,1.17925096850342,1.28089642438497,0.0147738061142656,-1.01703622267714,0.0514142132317025,3.26752779826086,0.816534995119415,-1.92174898656285,-1.14137307102201,1.47470250993051,1.14041322726908,0.1606025092072,-1.00081370053102,-0.208651624044806,-0.411246363410256,-0.282927699798962,-0.253353660133488
-20232.8786839398,-0.472672449727648,-0.0681441769883725,0.712187031271181,0.341441564823013,-0.0191128694157202,-0.225685196114756,2.34769455465546,-0.387751159241217,-1.09075777664437,0.572068644853443,-3.0459137092291,-0.805461206851247,0.810020372656847,0.0591962876729602,-2.16016683870585,-0.276347980825632,1.05725715578945,-0.352420113306145,-0.837648077430344,-1.26309521561285,-0.210347990805311,1.25370025492766,-0.86109238987343,0.126352106202996,0.326446364845143,-0.000130813343747079,0.267010673991821,0.373147386502227,0.627941623736448,2.31793904036247,0.514555139341821,0.491752275329496,-1.17647298822409,0.825094938162667,-0.102752860363594,-0.583896771890678,1.66134320116418,-1.69825141589963,2.11045440993272,0.138425694197203,-0.779737318599567,0.771972499416006,-0.0538263034370702,1.36486687435017,1.22547365409724,0.826308385316339,0.604324330661382,0.644902327620637,0.841450433772565,0.448369785256145
5753.98866115356,-2.14563167476901,1.11915360185376,1.17241025466826,0.692202678571154,-0.243585543566686,0.139868151723939,1.50816299651614,-1.5704110428237,-0.0468772952539888,-0.103540782914902,0.996801344775766,0.132016743347601,-0.105021632375753,1.00478049285264,-1.19200641939141,-0.453698055513048,2.14618348611888,0.078370068436426,-0.496642240431239,0.983979624352522,-0.178841643434031,-0.118594772018747,-0.98773558783232,0.379716399676625,1.5142082933545,1.17154856148363,0.735457543697203,0.300554595911408,0.328403824763266,-0.29831681175367,-1.63074683730032,-0.540814671669035,-0.645231455649629,1.28240584670045,1.04278388506105,-0.281130901130526,0.3403903296265,0.163195446982582,0.363332471360512,-1.87094243554267,0.274098540540543,1.14334069683509,-1.0086555402267,0.627145514673261,0.170781611365123,0.490346735484299,-0.104718856284383,-0.45148624695162,0.468584935685216,-0.53907941099009
13108.2669061388,-1.65613909131605,0.419528482140573,-0.18140777647131,-0.561480821945622,0.6353714583134,-0.270659123096865,-0.659040966716861,1.5242940484381,0.349265311036599,0.516430537740614,0.0782698944845493,0.172465407566206,-0.371410252345559,-0.98770842114844,1.92981173523981,-1.3746140895064,0.436574156009691,0.26550823183611,0.501233588551011,-1.19317524230685,0.0575990496907174,-0.388170553846523,-0.953808976462993,0.0829848945021809,2.09928066889181,-2.4453149375816,-0.535380772274717,0.484255658410575,0.0905056392280297,-1.10069015856241,-0.0195122564021365,1.03032012311969,-0.169355253431056,0.512625666966398,0.194608273594549,-0.795095969964475,1.3248284546274,1.38331775769916,-0.000169413647018665,1.34216209971427,-0.2121624763537,0.0341995533572918,2.20912605708882,-0.104772961829595,-0.203112073595419,2.10104128573981,0.47203328567124,-1.18517288598906,-0.0130457451941481,-0.500760087322885
36182.0926156689,0.0501943293299288,0.0423419156999292,-2.58556198575253,1.47716985421725,0.503235010529334,-0.733472348862897,0.607652223901652,0.324914711189312,2.15350129839741,0.54769532151492,2.02159634125274,-0.145736689750781,-0.840604053304114,0.649538322825028,-0.175629849743286,-0.130939017152697,1.41494501012096,1.87829391301366,0.131385636547185,0.42421400716901,0.134474676813864,0.251324503306161,-0.143830221577213,-1.48276097270354,-0.896033041290727,-0.10590375249312,-0.561599127844134,-0.614835546334017,0.0815018685676822,-0.0584368234894627,-0.829923678807223,0.0129439631543174,-0.0123246563376064,3.05746623259904,-0.456223622531101,0.0837833163342368,-0.847113947807097,-1.53250113350718,-0.538507110524383,0.848136587132298,-1.16173386719458,0.277307954239412,-1.3390217679822,-1.58405672412722,1.78149751751297,0.0576288238351458,0.70434080776755,0.253013396593961,3.37892154969652,-0.478368525677647
-1046.24788007714,-0.633723838575724,0.892642005315314,-0.285876173764462,2.11458516281452,-1.33215496169587,-0.0497196317752298,0.880500909694378,-0.480173008529585,1.01729502857426,0.680201021459408,0.0216805266547093,-0.946929351237757,-0.407629825300191,0.257274323953986,0.0563367351149659,-0.888070799756852,0.758858482512902,-0.612624784815315,0.552486368788261,-0.755094403060871,-0.382815557679469,1.44859608964438,1.19199533645946,-0.287226390656746,0.0849895297835338,0.202194811621448,0.913260741045357,-0.0257255190607528,1.1898060965008,0.400032219792235,0.380206092958325,-1.07175075654119,-0.780010717660846,1.0511493183595,0.804301854034849,0.30248987511236,0.14711417717393,-2.0972804004361,-2.03870525839865,-0.264730885809653,2.19669859701091,0.000316611990774518,-0.366819437916791,-1.17938250695867,-0.830283798023686,1.00775629502967,-0.991655945297529,0.20900732561941,0.255249508056916,-1.11142781113038
17373.8424598043,0.0252642555594157,0.199047738733646,-0.644146131473829,-0.97014804559427,0.228201040605788,-1.18066646012444,0.11024353415287,-1.86932374435555,-0.193851421829236,0.442730916604458,0.818572912968292,0.652948126823531,1.47600504478415,-0.830428382714456,0.378278246293328,-0.310243863364123,0.0621281046198945,-0.454780926878129,1.93431496598132,-0.98533302696002,-0.704243598466044,0.662274014902565,1.28456359391827,-0.900537775887571,1.18043895074671,-1.22402755548501,-0.814037611767973,-1.66576197626993,-1.15842594013195,0.0282787208953779,0.886915263499201,1.32740992736328,0.035901782733559,-0.83368394708203,-0.415101609256313,0.58030230864972,0.578079259548528,1.57692414342882,0.28875848032138,0.366039245881021,-0.06995010407792,1.65551992977124,0.432553116519098,-0.685521067850878,1.15863889348547,-1.22630791816067,0.75499431020915,0.569611515690102,-0.913173274502328,0.364105382242451
-3709.90374828279,0.177241361735364,-0.628288248434935,0.783026261923292,0.186595669896915,0.681201421014053,0.766928371587542,0.295142678172917,1.13457598238285,-0.694423373558701,0.350109703365563,-0.811689398449446,-0.318303593549025,0.935414912983456,1.4038291362955,0.151043169400134,-0.397040315478224,0.448415720875355,-0.870332120675467,0.379052250359143,-0.852173294549206,-0.399588936962163,-0.574517833388753,1.10305255653394,0.282529516122064,-0.447841541461208,0.643602146206893,1.7833401409641,0.786724709218427,-1.96498114916953,1.89661375199201,0.997648216789513,0.648933533861752,1.01260041295949,0.785100718614334,0.178545171623388,0.592099878540827,0.617466072416659,-1.41826197710675,-0.958705891227048,-0.41816710671577,0.271982213857262,0.785631856288925,-1.39326862803895,-0.512849306005753,1.17378810802702,0.413869281867497,0.245045181701629,-1.08353753226817,-0.868112601818264,1.45829367288718
-3623.5722869138,0.868100377892214,-1.63906760820594,0.765940449047913,0.10635581064635,-0.751881022994108,0.282627797166859,0.603248786963696,-0.532825577077708,-0.134972418124055,-0.654271204328988,-0.080973948467367,-0.405343768531089,-0.449825954023704,1.01247235236264,0.496194537885747,0.0405747325116612,0.331555278579433,-0.323944124731685,-0.644574968007273,-0.302938504540835,2.35159039856009,-0.142149334385717,0.982760844208693,-0.704598958336972,0.0797175993161205,-0.170643798142537,-0.000851957380598925,0.112052264914261,-0.0604771434657367,0.374262173402946,-0.113573838903717,1.13465151017759,0.146592476017524,-0.609559892363374,-0.334046047437387,-0.88484780214057,1.03097346639089,-0.995415037474102,-0.0564824132734744,-0.122965650558284,-0.350545778584858,-1.38359934722288,-1.09891820230929,0.45734971532885,-0.629240386488568,0.470444630628141,-1.68517193127514,0.426824162281356,-0.117829729768371,-0.627762691285983
-22921.6622890606,0.0447893586398904,0.248797972975155,-0.80855331779864,-0.982892347706784,-0.611558758171764,-0.442712302696491,0.0313318325443983,0.869967024119232,0.27367232281209,0.373674578586234,0.0521460906406036,0.515420129464969,-2.07506388668001,0.313307420634806,0.285650911377193,-1.08099656239015,-1.5675467834266,-0.891928837726663,1.19933738833899,0.476379155802711,-0.934996096812973,-0.986555811910357,-0.0134216901876886,0.187539893525232,1.30331090453461,-1.82612101034486,-1.7567701280795,0.293108532240043,-0.371519679698298,-0.222846260646764,0.928684403019434,-0.38853300675128,-1.54794236676682,-1.0076015152385,-1.19439851343758,0.477646365851458,0.99034709013913,0.114056563932251,-0.67890476565197,-0.439239279805456,-0.913950665592916,-0.361239221639409,0.121179822841606,-2.18808365037498,-1.22458585436876,0.538967864772847,-0.300172098438151,0.0586751963055463,0.715276885722478,1.33483740272984
-13630.3100956725,2.17645043546925,-1.04486723017876,0.0134257427245545,-1.40040514742854,-0.85055248518296,-1.16250246457255,0.931742190195776,-0.25292689344161,1.52952334794044,0.352573548156992,1.19636347149743,-0.304301904191085,-1.34832028116167,-1.43447567623854,-0.624083049683737,-0.693660152451204,-0.565120212671293,0.707122906598225,-0.330734338689121,0.951771525054684,-0.182569046042637,-1.592140638674,0.561976763730272,-0.51533559632963,0.483154506760025,-0.685135683222791,0.459105897718307,0.538739924071202,-0.148453611352271,-0.341349642689355,-1.45118549600644,-0.393528975674649,-0.236075417923741,-0.282750077415564,0.30048858091723,-1.01757674080276,-0.631973475015451,2.05740515555432,0.20746752236395,0.298864220523671,0.659435774912837,0.944809374422814,0.737240433778771,0.444055428459159,-0.00420506536157893,1.41988722420551,0.892715098682805,-0.235399967651858,-0.461530389891514,1.01383908647032
-62372.6850902145,-1.32226392688469,-0.977879044844382,-0.51517523667832,-0.106491228066385,0.392205821176457,0.953165770865103,1.38213657966915,0.81711913479478,0.900245177358994,-1.08016587945126,0.463023363544126,-0.15042666475143,-1.7907999258175,-0.00997153800739262,-1.37010491302297,-2.77044406906824,-1.57962327910449,-0.471942276887541,-0.079384698171933,0.487101294012233,-0.991680840969268,-0.828550141971004,1.12135881215609,0.67986426614276,0.0383000010132989,0.105639862472913,-0.300726955073681,-0.677179730935577,-0.405494234292927,-1.84791872044501,0.565176805659464,-0.732799866871031,-0.481913260607496,-1.72301483816509,0.283735351572753,0.0270240421568061,-1.57578474135005,0.672957569385812,-1.6319866328459,1.61330815653802,-1.0942502418415,0.546624752315082,-1.41996169977711,1.82256802035432,0.0723884238710679,-0.316879430741405,-0.868973400823133,0.302770827691112,-0.636596139606977,-0.799463676310632
28124.7124038437,0.754287821626883,-1.164694508735,0.158204129916926,-1.08713540653888,0.415361982146616,0.104190606553786,0.099597469222856,0.556358810289691,1.11347623034525,-0.747720913790876,-0.68156716586279,0.156444997362682,-1.84152482545873,-0.486168563898843,0.52711564506597,1.13189290058683,0.983345185714371,0.686113626446614,-0.52907801491653,0.823341196647884,-0.358696112034979,0.703749430518491,0.684265086347742,0.277419128755061,1.05874844785946,0.371523155647574,-0.993976195378872,2.07007563682232,-0.341390754331873,1.22109379933815,1.25603326749498,-0.31484200484004,0.272895938868502,0.234445442777394,0.132467300217831,1.27362059217486,0.929184559488521,1.31877784668395,0.147808196295337,-0.2152422208309,-0.421591074438011,0.0732267348288977,-0.566534263246471,-0.590247193472478,-0.674192622048322,0.522448068504392,0.662988347639505,-0.790298063797564,0.64025946291065,0.0271357762046323
17044.7402155198,0.524914855880663,-1.11471750265382,-1.8163574916812,0.673622833861373,0.503336130551011,1.13646806070499,-0.227588668040827,-1.39955707655866,-0.237311122168712,-0.367003952950781,-1.25862360108532,0.791203282266117,0.408553611322375,-0.796773424923481,0.895516016675087,-0.249902551234951,0.0697937076190224,0.612771713296032,0.473322777964987,-1.76877818146902,0.344242047595542,0.25585578438071,0.020368198142412,-0.230967676403681,-0.220280293093976,1.30500384817591,-1.33862856190377,-0.408978738293201,1.41243337455058,0.664309030198626,0.117376326233033,0.73106270870524,0.667938617004129,-1.44816509802426,0.0957314700117582,-0.359940942740461,0.504089641246538,-0.419684137892264,0.491165562328046,1.02260983105495,0.0294930305109369,-0.841377507303137,-1.24579250119406,0.901360406130191,-2.30103643051818,1.03922239717891,-0.61124358182301,1.27663581477316,-0.130695461087083,0.232532881438335
-36460.1260632815,0.479666963041871,0.520356179038646,-0.89072414211225,0.203189273318097,-0.675599465470038,1.45811058035348,-1.08359224872534,-1.03769098303951,0.413025147474075,-0.968136660450935,-1.54537282337616,-0.564825273335934,-0.85227828322575,1.74341544640248,-1.18569526636427,-1.93018339773979,-0.906332570302786,-0.409660157229425,0.584447576742748,0.818990046488116,0.188928496647906,1.43640310175529,-0.644546975199762,1.19352637752745,-0.930918720676432,0.713328815816644,0.124279385013541,0.0669229873785049,0.20114175722838,-1.61663328576569,2.39152702824491,-0.334590715364822,-0.0696795199226575,-1.0755036049276,1.33968029499503,0.902810020206893,0.405764111271129,0.0460041465137386,-0.664989425570072,-0.301464873717014,1.15756309792859,0.0306297332816159,0.645511501854417,-1.09150563578698,-0.187309491034362,-1.01937164558221,0.302883256592416,0.575265470852198,0.335478499805507,-0.577354848297837
16211.2049592625,-0.780387556372502,-0.704400119300314,0.367503990433382,-0.0105280874581636,0.102110621893905,0.0968251309201024,0.655013481448083,1.2796060079708,0.127237491319357,-0.594309051498894,2.14322010604277,0.347033749671721,-0.0647614217624549,-1.52692947036208,2.21232281534482,0.0753877975037616,1.22562704615219,0.186817954899564,-1.38068297722345,0.542457168382211,0.0316951760134644,-0.640738670108843,0.271339613399667,0.684526555679411,-1.28276872288789,-1.88912748847448,-0.0109506388399689,-0.0298325696277785,-0.404507008219685,-0.710826106728558,-1.34822219523141,-1.68226121745122,0.316559691772915,1.01822752611125,-0.631269773018416,-1.06358213394708,0.875231904515101,0.149538319256707,-0.898101295692456,-0.888667865275415,-0.205490711673349,-1.59395479927568,-0.3207433362715,-1.96940181062931,0.088937324497607,-0.115698356891166,1.64972476527479,-1.60906479667598,-0.164481716133366,-0.969359210725449
-21077.1256923626,-0.470770129399539,-1.53493220132981,-1.26597276182383,-1.41391327541503,-2.06383692915398,0.20993062393142,-0.237871708457394,-1.53428031224753,0.11156826569464,-1.16739787973775,0.0946575551842267,-0.684254200192345,1.68695791913389,-0.268451328070678,1.43862398657187,-0.263126174107569,-1.07620883967043,-0.210490744884838,-1.22121301987256,-0.0660435174247383,-0.655156671600465,0.104168758592121,0.695438215180128,-0.0691449976187782,-1.21207755076395,-0.569756403215034,0.883774876979168,2.74893849766764,-0.744982552255906,-1.38099609339243,-0.356633133140949,-1.76926315254262,-1.02917076926874,0.134820036237081,0.581367650329993,0.0778642703337786,0.199544794954748,0.0873886729231113,2.20550240206558,0.188059549229579,1.13930230577836,-0.844424082672476,-0.66807135971797,-0.406210136146531,-2.18565603768908,-2.11897373383157,-0.71881091990938,0.740683173773839,1.00519727271863,0.863264121965524
-35.052354722397,1.51572021475042,-0.544821710003361,0.650795239038788,0.873711285041541,-0.611317359209439,-0.00881134108344151,0.43799298184027,0.20948501843634,1.38668680850104,1.295657631469,0.296859964497907,0.870630401999633,0.442273805444475,-0.14074526694584,-1.29574260131542,0.130696746710625,1.35800523968335,0.82726694692824,-1.44212692875978,-0.0577451813031933,-2.97442002511375,1.59147868035249,-1.86177019426405,0.0218467774054763,0.866897639027396,0.399209204631102,1.11626558975462,-1.21997520443903,1.06395569204772,0.320499090375512,0.970782147186741,0.145992706879757,-0.8185689425989,-0.0801347117247151,-0.835003527192198,-0.942210846255306,-0.05505765921755,1.14383160503323,-0.0922185015100648,0.134237281195259,0.0908604909623871,-0.749970442772031,-0.9057327136552,-0.270817439714504,0.130627820698956,0.674689506201648,-0.50450933588495,1.95597549391058,0.942697616720629,1.7916698575186
-28.278864705569,1.17580182202741,-0.403789292406178,0.880090787756207,-0.690739207666758,0.221630834497025,1.00645800962158,0.328657997206869,1.84833743155271,-0.622963329519011,-0.390083268254254,0.204884128448172,-0.772926684398276,-1.50705752894188,-0.425237165189423,0.782168545107664,0.666908565626572,0.194861499900519,0.219770702429515,-1.47781373462776,0.378536917603307,-0.260909742604724,0.930450894373644,2.75383729621032,-1.195645988626,1.30868046952405,-0.815329798007204,0.0596398670805448,0.140659201413751,-0.153690801749036,0.486318495017111,-0.314972007534752,0.263689120103557,-1.31658192120929,1.36524308159357,0.211343266891465,-0.584471924235899,0.0231808240519485,-1.53578162815282,-1.37654904954465,0.278346572943814,0.524831213101997,0.716236218200332,-2.08156870535985,-1.08031275079547,-1.82763587541354,0.182330963497074,0.250832434826877,1.13284007587051,-0.483553192412406,0.252509724543825
46529.8065587864,0.718887618026373,-0.203042415613762,1.0597490325628,1.04934734221907,0.899445562476609,0.185201286465748,-1.88508742976299,-0.782823475303648,0.957237670281581,1.71118770715894,0.20730561660619,-0.213877655860587,0.961499436047137,1.67656547158381,1.25129744415961,0.924845517978116,2.03669425479738,0.882929876890674,-0.41103568317858,1.34127722415278,-0.654728362502328,-0.644371424659471,0.0292559226710299,0.209109209094334,-0.445519414941408,0.503703340412026,-1.7430833684163,-0.174404302585259,1.64307487327007,0.495720172206196,-1.62153684928542,-0.800299856708796,-1.90564393530271,0.473328726138196,-0.701438641409437,0.449497089101015,-0.577347626715628,-0.882311090908135,1.19468183862831,-0.48618422481909,0.606416464421811,0.100337895002075,0.435398226040915,-0.127882965259952,-0.605957800589812,0.451916271385337,0.364097203744904,1.70490846608579,0.0982601166967108,0.651851093781909
-9703.37503186135,-0.806977837022979,0.836502200594274,0.740038832122631,-0.369553006333934,0.734222051806448,1.31166858402858,-0.168535792923467,0.021742668590253,1.03642165160448,-0.0941940755669422,-0.33860490724518,-0.628520209562512,-1.54668056094377,1.75157076715409,2.0676216137862,-0.391335013051126,-1.39111893233869,0.815175480557869,-1.22805062899054,1.28287479423866,0.422757427195168,0.818851152548801,-0.961790584052232,0.207948324642454,-1.48431773889932,-0.415564015563827,-0.688110574857092,-1.57495914118094,-0.799000768482045,-2.1313833633531,-1.07850928383942,-0.254222716308322,1.08106708886878,-0.317637054312772,0.551417356664752,0.325894998985189,1.75780496830301,-0.487623073561105,0.0164626643574058,0.236031429289755,0.656994265588356,-0.0764115455383622,0.149285703483265,1.93168456701194,0.903041500532644,-1.9784336162719,-0.843658374882119,1.49973816371923,1.0255268472748,-1.46670870700868
28563.3537294333,-0.289943059222988,0.743904839422342,-0.200678101941677,-0.707656175071028,-0.1019206114638,0.435275015994196,-0.547833828217399,-0.937017995441171,0.96824814596475,0.174792323493072,-1.21947702023847,1.55669780605222,0.808187434925271,-0.051554776590325,1.86986768021356,-0.0425572680608285,0.056250919898363,0.46856061456185,0.839434115430702,-2.20993204493575,-0.117504033811621,-0.317513188410317,1.58533627766316,-0.859827715628919,-0.080334228713168,0.133919852019202,0.873276405399585,1.81961214704905,-0.0434060378307775,0.737306310655747,1.32283861211704,-0.119420449244539,0.454183425760187,-1.68205812989867,0.05731596804999,-1.95070900598852,0.369714956751253,0.833684959894304,0.6926557570179,0.360036515264697,0.477802357417208,-1.83801971073131,-0.319619062313169,-0.533690503596028,0.0103522405256913,-0.854699565832129,-0.285112180430143,-0.776543229041907,-0.815385811949606,2.54981775699274
-5586.92691211821,0.0863467799050822,1.19360042218089,0.536345069996691,-0.214182855290399,-0.0129421673462558,-0.229402353327419,-0.310164737248962,0.319145929450786,0.499687146738292,-0.787581052879423,0.729508488866114,-0.33573172951862,-1.50681117804386,-1.25833036046768,-0.750418951071925,-1.04582508588842,1.74851527681408,0.215609131058965,-0.970407931229061,-0.124275583158124,0.892416700219431,-1.86384902290048,-1.27498878400321,-1.43933793246297,0.590377781288571,0.0622060851389749,-1.03726429448108,1.14269223520967,-0.872069838963963,-0.493327969943577,0.877422908355467,0.39928074929441,0.197972458501491,-1.09776042476949,0.620569710711105,0.759259379874466,-0.22013016430139,-0.696871604041079,-0.00565336893653836,-0.0763461321378667,-1.01083931797349,-0.869828501058863,-0.603878692055715,0.00301729927455977,0.364257516231345,-1.90069062799602,0.0187296513734916,0.168044050849331,1.42443059344915,-0.725925094659367
5319.85436553183,-1.34662234518016,0.278827748799053,-1.88588666141559,-0.218187142912261,-0.350881662042215,0.560670127277932,-1.22698336373206,-0.616165625783067,0.6710828922944,0.570070952431622,0.0405295310110901,1.06012394762551,0.907468260250844,-0.666229593529382,0.98328537811509,-0.972130466708513,0.412999187980211,-0.376916928082032,0.707993501786192,1.08368594899475,2.21902255579497,-1.84703240006338,-1.5955550403831,1.02647139344726,-0.0995545258431319,-1.10018427963888,2.16936214332487,0.152259601105727,0.994204115208554,-0.00161284115282291,-0.0100113313365541,0.823959415137615,-0.926597816231475,-1.41884383182852,-0.297984004575002,-1.30720367966892,1.95003087429804,-1.36618519666907,-0.120796619838034,1.15265846125867,3.37600840919165,-1.67337380842034,1.24443267604673,-2.19967759411495,-0.808858642588284,0.493192767185348,-1.03200927037443,-0.0827453153897495,-0.479187243556273,-0.720355681198159
45337.6811979184,0.267211141416955,-1.98031242822817,-0.754774359623052,-0.36879936708962,-0.359835668115566,-0.0672846066795342,0.274071432450602,-0.318621257276488,2.0675542310656,0.473051798874111,-1.54148713670248,-1.1900993966787,-3.34561039224001,-1.41857194173967,0.441015507527083,-0.339921869770655,0.624863546179572,1.58813054694328,1.76945343374749,-1.43714898335323,0.244923218854637,-0.755244948670714,1.54733444746899,1.15133166226664,0.630035623283581,-1.0679873963422,-0.190272769919696,0.304527647744131,-0.542260271369028,1.20618403496503,-1.71602686672098,-0.388538297602603,-0.160483400162053,-0.381469722229601,0.387947592769021,0.0108783925673793,-0.193620420086017,-1.39947787564351,-0.557432517328359,-0.285068762957849,-0.33049446884755,0.797481276558468,0.875704393570837,0.0701976521321179,2.06996139784998,-0.0349472569389552,-1.04440020473622,0.806414251125308,-0.0436927385058609,0.346086858411644
-32234.5833229297,-0.109820281212887,-0.526276303098808,-0.659331366794116,1.25927287328583,-0.155743973591112,1.06898719353919,1.03146592292868,0.733652562803542,-0.595474648320995,1.64760881990352,-1.28264220052862,0.273994613127789,-0.10897314971796,-1.41866554521772,-0.623238516304084,-0.213026048548521,0.208664704122697,-0.853916233605832,-1.56142415739285,1.15697447903364,0.551546693577889,0.15471664057496,1.17183061099971,1.01480703630247,-1.0653342227583,0.264456252272605,0.515925039022183,0.593345411186234,0.062083175941839,0.0820048070786535,-0.425144474340867,-1.02390653393931,-0.390603205094715,0.726196902855693,-0.619999947846308,-0.192624708447457,-0.85681156679508,0.867827779784668,0.981578505149307,-0.111311429878465,0.268040101728347,-0.552597217584202,-1.82666745457184,0.681886896198879,1.52112381423752,1.11024948303204,-1.84440457070624,-1.15386952070281,-1.49595168224582,0.813930963492501
10670.5027038358,0.290584573596938,1.35995023306956,0.18093924429351,0.29283490680892,0.0747026777856801,-0.636007259246617,0.106896202582638,-0.820221963231515,-2.33473023431695,1.19786622223622,-0.789711059952452,1.01897945591491,0.793661741573043,0.636804256269319,1.69417593297814,0.484969327894151,0.726438105104692,-1.17535425116024,-0.0836583695072876,-0.688726992333402,-0.0516731096519306,1.97018410963733,1.14653404998234,1.4749341080513,0.419056516487387,-0.503208367683448,-0.171584599731964,0.793105772929337,1.57910854562158,-1.26999274771414,-0.386327734683687,0.420241002067749,-1.84036872862518,-0.160558306721042,0.0597284782319445,0.949156400669953,0.380280311505562,0.271108802314409,0.783631833151955,-0.913573285221649,0.740673108962903,-0.984708307823405,-0.534528266224391,-0.264512643072872,0.355323401699851,-1.22036583187219,1.19631466598806,-1.50450993685367,-0.63577131170305,0.0565858002770788
-22454.4664533917,0.0807920088389358,-1.77170680253151,0.418435442500061,0.495806474460397,-1.04070868844335,-0.840870407587106,-0.587494348281795,-0.797882063562269,-0.565244485595088,0.899953368563484,0.52919295428858,-0.47949283443134,-0.103840292261008,0.192018171550941,-1.09658127875025,0.975504012035255,0.0541116060519903,-0.935778851053768,-1.26461717761867,0.5825475171,1.19434154871383,-0.105778971682118,0.478136048748521,-0.0551279315314623,0.12682975315531,-0.811437526463515,-0.323406047332254,-0.329963440438271,0.664618879046837,0.656194966963341,0.568005853289943,2.16441674196417,-1.42284845880011,-0.175689275719757,-1.15002332652056,-2.24696509527897,0.599335043850662,1.38707592645132,-1.31643707898175,0.858533690108872,-0.0921689851663864,0.335732614528443,-0.193814950346438,0.0304338073757706,1.13610489895414,-0.471641456187485,1.58963047819174,0.112777079781737,2.15143499749538,0.948314569525035
-40818.8686900511,-2.68983115294295,0.960187066063102,0.517393753802533,-1.79423716923161,-0.339780746888101,-0.178737118683167,-0.684292921080085,-0.737166104053153,-1.40367056745415,1.57868374460783,-1.29059770900409,1.23140164757504,-1.90824909121662,1.46768171661516,-0.522812144943806,-0.859106048294172,-1.67976237299892,-0.261085308148369,-0.562063357892224,-0.925069198709893,0.567317284450525,1.47427557104216,-0.704888354831258,1.39775177095326,-1.23500676558219,-1.69283457432945,-2.14619043814228,0.680105893531505,-0.275521823788702,0.763475382946355,-0.752929308942396,-1.02034567824661,2.21566516272664,0.714755383802743,-0.0888051430231717,-0.375802383760481,-1.09269722626973,-0.636499468518756,-0.317313173652513,0.50718136303836,0.164958312795794,0.378365672363412,-0.53925557258957,-1.16178545545123,-0.441960774382881,-0.638424714401577,-0.520335163118536,-2.46471917423384,0.818098884459024,-0.111602867428955
-12402.8713615732,1.1626732682289,0.139535738344128,0.27929596119212,-0.282810983796941,-0.635608998856623,-3.3075102081524,-1.44716027229998,1.93127014612217,-0.0778277577649443,0.318913433968717,-0.0752042912303661,1.5405248569333,-0.280989379478714,1.17578714033378,0.568061804606695,-0.819383712205875,-0.169261818230682,-0.51502091108807,-0.00761017551119592,-1.63265518662471,0.0580109324031319,-0.529818772229015,-0.305889696206277,-0.0280345075204364,2.59956035750519,0.0389851343573513,0.847925700884655,0.946623496739644,0.104992345361073,-0.578862982806005,0.0463456897414362,-1.3725608963734,1.88048860514345,-1.33345971419922,1.73053703026963,0.0635107728467596,-0.249452562535879,0.282867733635579,0.541483914914156,-0.173113374082125,-0.3722874312779,1.72646620115646,-1.67184427063883,0.669232631084189,-0.157481756516715,-0.922401567953186,-0.374304596404335,0.446403798789232,0.316659024473706,-2.14018352419206
4051.0846383607,-1.13359423834841,0.771517213728195,-0.418295503251985,-0.0163699268845989,-1.11476498023017,1.35681627688534,-0.366529150323546,1.36013995858807,1.05049734296004,-0.569594885617749,0.64330422301198,1.80337491980298,-0.230205179526309,0.135964622443165,-0.216133838890755,0.290004401547434,-0.183401140265868,0.353810941644367,0.047934993085589,0.573408405028448,1.53720944282283,-0.956011112913778,-0.185921262297108,-1.39551830150996,0.459270861440531,-1.1462160465657,-0.479033796792844,-0.406006555930103,0.746887951182404,0.50219451647339,1.6805744623373,-0.308607214531362,-0.602123900107696,0.75122022885085,0.843821874989515,-1.87141448786983,-1.19707123240702,-0.62829118205762,0.0695842836140211,-1.35966046374079,-0.895791284022609,-0.214624220622695,-1.12883782569683,0.516189246042819,-0.143604721005574,1.62360715239902,1.22209789238701,0.0198170619735187,0.821861838043798,-2.06341430272498
27031.9831280839,-1.38473765625684,0.912285493911526,-1.00997302625058,0.388081638068811,-0.49788794996765,0.112366990140714,-0.520325372348078,0.647578658438517,0.166658453740614,0.827321456272209,-0.293950421471097,-0.71733357155587,-0.579712941675639,-0.285308648739138,1.74545326340384,1.20282401335247,0.0894031522039881,-0.0661216668672764,0.161721734786916,0.983070056899063,-1.73798386933637,0.779367297839023,0.872635594663808,-0.170747784455525,0.666993426986995,-0.0683175477715899,0.288800795052618,-0.790343096391341,-0.773887294415714,0.663543832258343,1.18400041648615,0.631440502325299,-1.88784509719009,-2.45245188604214,-1.2180886094434,0.0478753811004338,1.52855833586782,0.708326563908678,1.3876855002689,0.590373036086291,1.36038889442142,-1.20327440028411,-1.8891468501725,-1.50709834854027,-0.48473951683641,-1.57577990154478,0.869055969943793,0.962437469185032,1.24759588723005,-1.36263293017181
4860.78323813611,-1.4516322587213,0.0168139093738499,-0.0468953450538046,0.205784816612736,-0.384667223511854,0.308664508651018,0.186877956479014,1.85911047245026,-0.223316816114455,-1.08403552998745,1.40600586080029,-0.108658620749196,-0.959519247274726,-1.13793913474222,-0.273990813128405,0.361119309951312,0.0536203790943661,1.31610203430883,-1.09476367172974,-1.79204114730377,-0.0867300497140023,0.770901887265377,1.10536028918433,1.67140033483257,0.095582480431715,-0.258511154222975,0.543022524846313,1.54389444057443,0.0679309815358624,1.16837832206473,0.56548248419036,0.801546420223009,0.414191186865877,1.08166293057023,-0.329374001082296,1.12430516190234,-1.83549760283868,-0.222770841550385,0.62448474698418,-0.2179101639198,-1.3028161487562,0.824930273465922,2.93942802370548,-1.28471982145592,0.0776895736609738,0.945823143081922,-1.21674323471576,1.22973701921602,-1.04042252908121,-0.783194206600704
-8357.27352489322,1.5160473887084,-0.869254812407833,1.15085191835864,-0.185579574729949,-2.48043897467339,-0.177228311074335,-1.61258417126006,-2.43485986404682,1.69027998901183,0.434723280272776,0.152205406432332,1.71361059826644,-0.723108813692571,1.75032365814557,-0.673743055693755,0.0604252571518428,-0.228819149405704,-1.08641119712604,0.933444222363777,0.263538965729222,-0.526135302055246,0.833725254362018,1.54393813104392,0.103456571231833,1.54536330558036,0.0258913208323399,-1.73216602725077,-0.744945730379702,0.919369493297733,-0.0126466281655266,-1.48987930443501,-1.65932501817974,-0.983632035403786,1.73888170254236,-0.127084136037374,2.09875489435875,-1.47104567978227,-0.0185830668977982,0.258942850191915,1.13673214079728,-1.25357559773291,0.896531555480347,0.861724658067833,-0.958462227987677,-0.457466548218664,-0.617013997052497,1.22048422468656,-0.0720782656558594,0.957984236736388,0.156659298375264
-24424.441543779,0.304886707428084,1.40379343181696,1.93437507728374,0.880890081287473,-0.452787794081177,0.174557854672624,1.11764964839099,-2.08203902313461,-1.87371772799012,-1.15258505777988,-0.0338127991561072,-0.437997888971284,2.01698387851824,0.842089497341396,0.307658443942208,-0.524106294355603,-1.61906469109449,-0.749762466167193,0.467692036235657,-0.827628738258578,0.0802563142953732,2.10281840086403,-1.3603460727088,-0.175894245423789,-0.683125264778779,-0.436614121902753,-0.600973397175113,0.136537695284431,0.852745275099625,-0.400548553583761,0.454481208794582,1.12725495647368,0.0605949833225329,-0.457145552047818,1.10856808263411,-0.136423871842555,-0.175001395130452,-0.0592611046806934,0.235266658904237,-0.525618556442367,0.575065982321756,-0.394725231555785,-0.600288990904535,-0.334523903606424,-1.29080630894447,-0.26381832177952,-0.564170349200759,0.226378907310393,-0.114113117060271,-1.87771396618176
20213.5018856135,0.983987622937043,-0.033347606464301,-0.857464867625441,0.797234817188642,-0.584398562040607,1.34101098872004,-2.03697260636414,-0.76816378286795,-1.10512111596105,-0.912761389012738,-0.123751487375509,-0.185933812521933,0.504735172445481,-0.0554844485529504,-0.0366878403127617,1.91104061975453,-1.30304378698521,1.41401505537913,-0.103541370998709,-1.18492528290264,-0.108364012226063,0.0339801877632204,0.789332284829268,-0.739080792178844,-0.157393644424742,-1.0646786312229,-0.616818720130609,0.231365269572783,-0.488134644708123,-1.42316093629863,-0.399823825592851,1.3194078654948,0.0252262033003584,1.48612458241942,1.62812919775926,-0.356820624556254,0.460688889735818,0.113891875312416,-0.472313933875532,-1.16788033275615,0.711695118330642,0.0391330990763066,-1.01374289458528,1.86572326757602,-0.0670259172956971,-1.46434292641266,-0.107970979258685,-0.425009772079449,-0.0914244547111513,-0.100679441695894
-8078.16948221177,0.45958048175265,0.801308184162735,0.287880334539342,-1.22271024249161,-1.20997733516429,-0.909293467164273,-0.0923470899940135,-0.335994863441928,-0.594763858365203,0.351880598148672,-1.47313506112853,0.420360973954344,0.411617431740798,-0.914379011173669,-0.37481301969217,0.844901168789749,0.626887552036654,0.481734911389797,-2.30705775245369,1.21529912524138,1.21364391454055,1.25187562957176,0.71708105417927,0.525665032994194,0.69297780255579,0.620135577885899,-2.5493143091153,1.39916492046174,1.21185992578527,-0.297456074544179,0.180459492066961,0.571145516311216,0.86179487287298,1.30897866774615,0.800348917615011,-1.0699674558612,1.14674181113074,-0.00415044163196066,-0.571516047270417,-0.699741656824164,1.65304846289721,0.360147669260957,-0.114591757002862,-2.08247539170268,-0.582599455523262,1.33219466769728,1.54629530134958,0.379321595386165,1.19196524594249,-0.948944681564229
-49551.3309557993,-0.55410446991227,0.677158860266736,0.233579940705557,0.193799493424404,1.67216960505009,1.08608432227858,-0.591127003667811,-0.792641138712626,1.8784667683709,-0.875843585661502,-0.773792666114966,-1.43409861850207,-1.10309980193105,-1.5043371484731,-0.658603085685616,-1.05796141363757,-1.75136885439026,-1.21138680460046,-0.0384839779804368,-1.58436109081566,1.80371834489221,-1.23470913014652,-0.369005423748462,-0.768504194041022,1.15475261683558,-1.22459869946562,-0.718574646055612,0.205895139208648,0.0178812636406112,-1.48660314134412,-1.93231091151397,0.710328496890684,-0.021394523790566,-1.13204029949053,0.642530200828534,1.20648156901588,-1.32792963876236,0.372840188884443,-0.171615489956552,-0.0304888826451368,0.00252257029832835,1.89132966992967,0.0293076046304745,0.475724534309438,0.38845173334143,0.842190015771408,0.196000782958201,0.978391496540284,0.312689989554691,-0.314063443415616
-5478.99277268207,0.483745001335881,1.68064487147289,2.56190573335435,0.333822131256394,-0.00978520884821082,-1.92605894565538,0.462311447784805,-0.685211336285073,0.870447358069375,-1.64959298861948,1.3428340726541,-1.02555804981394,-0.642243544651927,-0.952169771063192,0.464278576632282,0.204333480582714,-1.77540973389213,-0.251190804518951,1.01038111141911,0.390089547221658,1.37848005129424,0.910476585702571,-0.569286527835337,-1.83068060992913,-1.0603295073873,-0.479541572067918,0.525443274826006,-0.728070382368448,-0.517119573373464,-1.00902536833578,-0.516016927025998,0.217171515006395,1.83073828637488,0.0522552890364827,2.743912440429,0.630108097304947,-0.628978305988113,0.452485729772729,0.999332790354279,-0.822745123193286,-0.327284464270417,1.89676731541278,-0.40544372499626,0.0510167718906273,0.504533728906391,-0.958440898186255,0.0944404375862889,-0.920448067946508,0.553123106297589,0.91960400252215
62639.6323323916,-1.03733925828968,-0.928764780519206,-1.56566435062299,-2.12829563609775,1.34696554748991,1.10221305933653,-0.608531594393838,0.306351384696503,0.403539072397996,-0.800554796912238,-1.62609665906491,2.00881301485313,0.406386425135402,-0.481595866216905,2.34491414953434,0.0995894960526907,1.67735118458306,-0.504067584299366,2.76448000770596,1.13897877336103,0.311830186704828,0.630770031137744,0.651485838391265,0.0202569644110413,-0.117459969402974,0.312666201329203,1.59787667311098,-0.373513829039632,-2.07164614646248,0.687132097672805,0.69790803477203,-0.179770036911164,-1.39087918694975,0.396049549624165,1.33245793707013,-1.66882278875609,-1.13974932019862,1.19853376717231,1.15965911861065,0.40229605372521,-1.36141207029969,-2.18410467112895,0.980408306877045,-0.51784649318106,-0.0104133341744975,0.0190474626611756,-0.526879855205297,1.14978373027861,2.61989384696001,0.0846284590912134
15792.8471098809,0.493972844328681,0.0849448679795363,0.95143664641434,-2.64789163163787,-0.0463076962717988,1.02910469208179,-0.467932653037299,-0.393979126996052,-2.11945935887134,-0.722247090247064,-0.235849092520364,-1.35402626591534,1.49849983710096,-0.721687445756188,0.909829321750043,-0.277832211296236,0.671457572543873,1.47954531379387,-1.05646081230501,-0.34605624982755,-0.312358742840917,-0.101390556987947,0.0848337924211838,0.401566904692422,0.537407279247235,0.767948256809397,0.697430202886119,-0.95492226737344,0.947971327629982,-0.597914626635993,0.0865087053733486,1.13164254071714,-1.88161424956801,2.0945637099846,-0.787905125281726,-0.55328333596942,0.280337577479672,0.0173631169286812,0.0823857792380621,-0.623354840505102,1.89694875681986,-0.783601992842781,0.0259813577689608,0.24150771935301,1.22207735151039,0.684948804453101,0.508615835748829,-1.13943659814563,-1.23464215269048,0.342575769529262
-39515.2602135101,-0.195880844974088,-0.503237758190434,-0.790333764042318,2.29532408363251,1.80195739669658,-1.03171108391267,-2.60647380454346,0.831935033665097,0.333836643940817,-0.693273368226396,-1.32803399303066,-0.271493617282048,1.52908954393547,1.56311688410944,-0.253721242501519,-2.22980583804224,0.615120937155024,-0.734051850381929,-1.11335639105278,1.20325117014178,0.0568764754535049,-1.38137616144161,-0.199610019576294,0.751411949675812,0.776167192356651,-0.595797654958027,-1.56768353938559,-0.237475362542892,0.975844329548038,1.60415333759059,0.559320537288209,0.622246425175037,0.571753276277846,0.578036802285528,1.7945306803673,-2.34031260855983,-0.0889706450647479,-0.0013064108611586,1.72907985575823,-1.03431493259572,-1.00693825892468,-2.39976321824941,-0.371628387530934,0.165968437227696,1.304912138119,1.03472421095297,1.33284868288325,0.215137627851796,0.0858724003555811,-0.206663404920834
20015.910686543,0.240858671103873,-1.11535507933438,0.0270352617424203,-0.651679386451241,0.284066414393005,-1.76950152502905,0.480062523768924,-2.06930206140402,1.26287529060784,0.297882630519185,0.256007583885859,0.561787795080856,0.223829923416229,-0.554358539261691,0.0359310496357838,0.110277471494537,1.16562985019122,1.24163138107103,-0.739391279670507,1.79157073419115,0.411003542996077,0.117161759048838,0.156099677418838,0.102690010228658,-1.16955309447621,0.0257496696202223,0.552919106824563,1.50998455569033,-0.519483990545616,-0.968298647142257,-0.683504545199613,0.613322700864325,-0.36413932713087,-0.589097683744409,-0.427711573386134,-1.16062089770381,-0.0799226170020337,0.30577032114871,0.76225976378316,0.763249837477076,1.8685612800764,-1.28093781300165,0.0900057892409372,-0.373430886265114,2.30850664367969,-1.50445416610011,-0.786430304221292,-0.16802687617529,-0.829427841760821,-0.818145518656696
10701.8033260217,0.229763642097251,-0.475737966413299,-2.03044581590202,0.708160626441741,0.530750511933235,0.313465915604842,0.115406418016945,0.175101318063551,0.890127826695562,1.24091593927952,0.482037063071925,-0.771788249189536,0.215107329708513,-0.493469912482147,1.10898967972226,0.998821827693593,-0.875895859212448,-0.819001856901075,0.998032638280993,1.81642164195536,-1.45388619954151,0.105557304700992,-1.50275199478084,-0.502352657570091,-0.387322819043903,-0.383126650939695,-1.22652543682736,1.20870500991528,-0.453090974463601,0.12589247712284,-0.144055158930244,-0.95322143188513,0.178225156849106,0.0768686709134266,-1.20248442348916,0.549214203367191,-1.18749119379302,-1.06398745172937,-0.365366551402954,-0.876825553397133,-0.468374887622918,-0.743708456328204,-0.725107629779679,-1.07262426748515,-0.676598457074771,-0.335803006135643,-0.82784103600277,-0.480838411079763,-0.260496731835214,0.577084234995899
-1282.65578976192,1.07241654776548,-0.21136327267178,-1.39941303697641,-0.401645789407971,-0.196916732007441,0.77617763418489,1.03966998423085,1.03070503683855,-0.609419739143993,-0.135456885137629,0.689264219461956,1.46628532527041,0.59600477597673,-1.22385182878069,1.41551990083832,-2.0667434496671,0.931392530253738,1.94508379070463,-1.94328281225373,-1.67713865146072,0.570702694745638,1.0923699071009,-1.19912814771877,1.98117076857948,0.0791678743844679,2.96870383740105,-0.294193122011185,0.845786133903164,0.0747402767678384,0.116374950283556,-0.0427231070344633,0.421663152135226,2.38362451194455,0.66187376154375,-1.34326142927461,1.5808589888538,-0.320007710715877,0.425413040762161,-0.702920516504456,1.68623061020316,-0.231215335896618,0.395017331515135,0.192951842889513,0.114498255328578,0.2545784400624,0.872502469160254,-1.63565650594434,-0.520465001464418,-0.959650925053291,-1.14466677593881
7201.28222818243,1.6967530806376,-0.428190960669193,-0.636556436725873,-1.46246772503331,0.0966972478801825,0.099274353491067,-0.114369622057497,-0.422420799693739,-1.32780894964616,0.78237960916993,-2.43757550212102,-0.24152726535177,0.143832418420702,-0.054749164727214,-1.52648026351969,0.989416167524688,1.51783917963443,1.00008525519385,-1.77595726852608,1.38733653209661,-1.52507039373585,1.04446138163436,-0.43803823073077,0.937696313638342,1.24443183666997,-0.884061244708453,0.945099591545241,1.07220662576022,0.268322370922597,-0.849224272619555,1.32142123022228,-0.690386586227124,-0.277377092221417,-2.27509273942715,1.00939534115212,1.06661867962756,-1.11030707494505,0.359427830575827,-0.40092328117735,2.39827612279408,-0.0876955170831521,-0.735400922400501,-1.3458706779987,-0.437511236484008,-0.222749730685014,-0.754995582895272,0.214536075769316,-1.24342448096685,1.01860842939319,0.353862977404964
-18340.982034771,-1.76551809189641,0.358029960305515,0.278812423398652,0.635716410861181,-2.00717863598788,0.973822164654178,1.22259683037406,0.599527729415263,0.131526803161789,0.252852386893063,-0.408833099200027,0.625396836174986,-1.11231384235833,1.37322765788754,0.0910363933718938,0.334261892579704,-2.05223025882967,1.82985477876985,-1.78493600678183,-0.792276590753126,-0.754192215393148,0.737397969064829,0.74429151238966,-1.24133345208445,0.802907541229886,-0.0048000390897213,0.71221438554812,-0.247367653584393,-2.49508124183298,0.297412700249233,-0.772351977271609,-0.871605204615781,-1.56826224513717,-0.454345980511157,0.182348586573586,-0.325773200298566,0.359763306754093,-1.77754370716144,0.0491392018797494,0.63373143404411,0.423508747152134,0.380099597702367,-0.728273906169796,-0.732784805720771,-0.321777089192791,0.755337608412804,0.503016935513934,-1.03369630437864,1.12280291671672,0.443043956785469
-60481.6062907026,0.105635348692808,0.841477340899307,1.15296837400848,1.59896894345845,-0.463278778545317,-0.67378329657571,1.78409949353444,-0.206592315030727,-0.934711720213943,1.23366892159148,-0.251352746436278,0.140382811511065,-0.978081300968653,1.44997249180845,-1.6654718310724,-1.23006990202219,-2.28566773015727,-0.651793213043179,-0.2637754681391,1.07119192944901,0.513982231900759,-1.29000478409143,-0.754020272914047,0.194250109662064,-0.586643202910385,0.576881437302984,-1.56022030531766,0.740834717603561,-0.371225160076453,-0.0545121149823066,-0.0158278094249285,-1.52153978601382,-0.535666704616276,-1.10233922514929,0.249065169094524,0.0868458595455614,-0.429859347348243,-0.448502597834412,-0.383791117892898,-0.310198573039878,1.54261813448159,-0.622491309352001,1.02029228659956,0.116990379878725,0.271955692096565,-1.13718370174613,0.888952747037616,1.05674488962782,0.0408219120943956,1.20031149227523
13111.2884801648,-0.0554430883214214,0.571637113986672,0.182850435487847,-0.388463733842315,0.471190403569157,0.424047772674361,-0.771336780963786,1.29041517121648,0.440242339984449,-0.686734062889204,0.159202630666771,0.0536014278564235,0.146041516816275,0.190695646007828,0.0735598793150267,-0.274138163035657,2.10075101405984,-0.522166553650733,-0.161480781028216,-0.10986988659413,-0.353969649034956,-0.232007287856404,2.25488557160918,-1.22947221212944,1.83431711533435,-1.17539837651224,-2.00531146413028,-1.64347113418514,0.795295812153123,-0.692736077007969,-1.21668807084423,-1.59252522899166,-1.54982885418182,0.657211337081123,2.03171850547067,-1.67492497066258,-1.54586061666092,-0.98378237653825,-2.05483167140978,-1.47268375579233,-1.11117241297898,-1.36830368040323,-0.793735516062392,-0.494035154151448,0.4488857311911,0.355794502107673,-0.605142856252354,0.737283254147956,1.45433545820182,-1.04239823780234
-24180.2281660501,-0.212474019233306,1.31750386762838,0.210637470469851,1.07499605692868,0.919324748396494,-1.0941270021657,-0.657575327818629,-1.09163009501226,0.353935913804954,-0.0506426206769869,0.856698652275846,-0.939140639177379,0.64779830884597,-1.40066102159353,-0.102276999834982,0.271098153617865,-0.695620263730841,-1.51921663307308,-0.0965230689449857,-1.24243439249813,-0.705186563017103,-0.0618842003586816,-2.07066393745976,-0.511664975213246,-1.13892518165343,-0.897080558726929,0.138337618211649,-0.0716101621272332,-0.479036146805943,-0.506665478044952,1.01173647800642,0.38055802470353,0.00827859487565718,0.328702750606048,-0.800794532007223,2.48956897097311,0.0842937956937363,0.741771323212789,-0.711177807110375,1.96833475119258,0.279141209645503,0.417748568745643,-0.88101021951483,0.251225676483681,-1.07994068316423,0.349164526028813,1.73501906796452,1.4132987160107,1.13512457551052,1.42153656056041
-17555.4100253812,-1.06246971497565,-1.41432573838318,-1.6304440879928,0.945264377702473,0.169629566037277,0.278887697834249,1.62466179400743,1.60199753852345,0.0676482915638489,-1.03876636590243,-1.41577441058101,-0.333731944553067,0.821060281426358,0.0830642372969103,0.446289304833965,-0.342938022032913,-1.63139793200738,0.860838546978208,-0.771520501861233,0.757952901192279,1.7986937543512,0.316475960254873,-0.777375028227132,-0.738236267567629,0.192241157642067,0.806075289160472,1.36263366237662,0.330317225113875,-0.136506959711553,0.68604306209835,-0.310937872000629,-0.0954872954165873,1.03693658543971,0.158047237228917,-0.404254119625451,0.00461498916927146,2.0856004094788,-0.829434731269057,-0.723679302507747,1.67622462107708,-2.12599707909218,-0.615169464288805,1.11315978068758,1.11370153059714,0.982501163221667,-0.484020433021108,-1.23560400204675,-0.165485671878083,0.385160174450293,0.734389832683219
12239.4836953733,1.32905093211514,0.62511485238692,2.31268471901964,-0.62196592495628,1.97739186372498,-1.53217547586723,0.35885071093753,-0.639843111922487,-0.397689450718158,-0.302087448160487,-0.345331438183476,1.11844584921423,-0.500442945847411,0.244027047116225,1.19962253601189,-0.185291065408387,2.14493642868191,-0.540755399877168,-1.02661088420003,0.0524971688023812,-0.042037931379683,-1.26125165438761,-0.494833725015036,0.274590388819254,-0.41445847413085,-1.48146073206866,0.82433976295963,-1.11988027604019,1.44149583942474,0.846734413638776,0.280821273268026,0.856214445724889,0.424735947913534,0.169355826810925,0.918378674398089,-0.492295954573507,-1.32001791127375,0.802125999715492,-0.315959680691673,0.436844669195789,-0.360343832318222,0.231449987264396,1.3289677279886,-0.872038568595373,0.10335192381643,1.40870482355649,0.44816494592653,-1.6979057833388,-0.993180690045386,1.1081441651413
-38542.6439527093,-0.459752966862143,1.44060927094196,-0.913159180349724,-0.569010933704392,0.430027580870039,-0.5134640963478,-1.58843016479262,-0.111441344485203,-1.48234582247795,0.6083375985513,0.522473112499782,-0.553518773264847,-2.40326530212209,1.29568927812071,-0.808950935374273,0.0809704820680253,0.942316301599839,-2.88459393649029,-0.940658448037467,1.08808566845217,-0.144216764352218,-1.67956842203149,-1.03556537407757,-0.475400762063223,0.338967535897789,0.799033530592565,-0.464908126834402,0.600953167530278,-0.215253976190321,-0.388312341402328,0.369156620498543,1.02618765927544,-0.278444716313847,0.466876609067698,-0.73895562279836,-1.7471967384319,-0.0160751655234832,-0.419717239663409,0.738352115961307,0.763748542201825,2.29447893577422,-0.717519243045663,-0.0186486379324461,-1.34359532582916,1.25953307896632,0.200511083682043,-1.59975776214896,1.11696417503302,1.13466858268235,-0.0200353199034494
-3659.76083581049,0.607530558753501,2.00862675665166,-0.895114194578636,1.01537329374707,1.44692658309082,-0.373243972588112,0.997999383912501,0.400817646917632,-0.384889198307449,1.27321351407907,1.51434565450678,0.484452384606321,-0.457986949348571,0.404055145616186,0.928686401210557,-0.358128272404332,0.0301707245685113,-0.0892247624762835,-0.506413226670258,0.968444566877569,0.926873574272817,-1.48515405320114,0.414268905969093,-0.721830072408051,-0.782470083414813,0.339506986432915,1.47270033047829,0.236762584530904,-0.233537627157999,1.52295189732376,0.330455441178034,-0.152881654457961,1.89395350843322,-0.262898296707899,0.179448996328778,-1.0657760585706,-0.46791158554047,-1.49734771848293,-0.858979093411023,-0.687155318996749,-0.443166610450622,-0.299809533982182,1.69626380374337,-1.64028498112483,-1.65952607451467,0.0293888503107546,-1.99924297658493,-0.225607218929071,-1.00391648206856,-0.117465592831339
-18182.2129678795,-0.0854147142469535,-0.444308512837635,-1.56269559712395,-0.612913485134455,-1.24619431461556,-1.15389829758188,0.123920823616243,1.15490239950619,-0.995246196671129,-0.283380565286264,1.34462107517379,0.805612542655271,0.748800370724446,0.896096005279687,1.01867194525589,-1.52669677600767,-1.21366362493559,-0.25347575856429,0.586958354541788,-0.265578957713942,-0.252028711178192,0.626537233455323,1.34439779975976,0.808353007582514,-1.9127879466792,0.990032185121904,0.771890947648653,-0.144431425193681,-1.64875419949463,-0.30536394579462,0.615896437887445,1.55445104381156,1.23303968482787,-0.987504040882701,-0.451790147519016,0.437100073488228,-0.161662071172601,-0.619789627828151,-0.18171186463349,-0.64809474351433,-1.7261421230713,0.552051470178951,0.19247902883695,-0.999250968841033,0.306556690694618,0.259003427807038,-0.143564565061046,-1.04762056895657,0.558324672696873,2.09853697062096
31295.2935437156,-0.340114281715413,-0.38389009207666,1.10993276425094,-0.279321495779884,1.47671392233378,-1.33671416898237,-0.488852379667822,0.565853638979751,-0.523408407948807,-1.32384544514596,0.945601700844273,-0.237537051227461,-0.406554865275752,-0.395193982968287,-0.561076284939883,1.65263396702767,0.850139053316439,1.79408677021092,-1.03359641239482,0.957565530252351,0.51497257395451,0.0214224454217755,-0.526470116343993,2.21350166378807,2.2778403512149,-0.442137839105644,-0.835581842364273,0.224400947174887,-0.064141510263991,0.415532136706817,0.749351990386367,1.06226942284998,-0.61023109364108,1.27708568246001,-0.400689843865279,-0.307613742185724,1.53628684670703,-0.711186454272726,0.113331676542129,1.01536078415332,-0.608167903395624,-1.39356146006009,-0.867831406405665,-0.753353260599301,1.36984175795057,-0.871470837766309,0.731644934205504,-0.749786667748425,0.638812179164291,0.0149680700771887
-10978.137018484,-0.736996305862725,-1.31227353447138,0.0864346226653852,0.582202602239241,-0.803602388898431,0.643720746738149,1.32256928338127,-1.08331683608293,-1.18342529329256,1.3039643999059,-0.613117782356904,-0.968299669358013,2.09709581260727,0.0137874432330978,-0.214447656958684,0.743745137606082,-0.441301814104993,0.731609244068689,-1.78487145846611,-0.330502407660796,-0.481848453116911,-0.645803781411548,0.532273958798241,-0.633233468656354,-0.571969744946743,1.28973384030809,-0.333512191549349,-0.38085014811918,1.55007519763766,0.349550220491101,0.447094973310518,0.0760708379377321,1.01107951457893,0.573791908174798,-0.64633468212518,-0.286719236314972,-1.14073055434049,-2.19177765074744,-0.36831977925897,-1.66047742996942,-1.37844272277751,-1.47185561830098,-0.241062833167291,-1.09203816517113,0.542819471964505,0.364320503881139,1.23137129139348,0.107475308423398,1.22571944893221,-0.759242623565015
-32956.2493563156,-0.039961932444507,0.346945567973662,-1.33316566807066,1.22872172838151,0.986859903646111,1.06426448775531,-0.21286179222042,0.500303913192659,0.650610758590158,-0.606892849574055,-1.12705463657626,-1.00731789274994,-0.34966615188764,0.721274752277726,-0.401346486649936,-2.6437083684547,-0.6322258928498,1.31772068448966,-0.93016880064025,-0.702474834360165,-0.788286348771442,-0.441261063830705,0.369152721606053,-1.13101264712301,0.196664627697538,0.536741723051352,0.290927034547178,0.186809331227044,1.56302224722364,1.27278780546313,0.568317328627491,0.317027522868671,-0.316559672445587,-0.990672653765071,-1.26407503109074,0.0100915071921077,0.310579316012352,0.095363195388834,0.942285531301834,-2.04846985497861,0.270977794097913,0.868679492551748,0.582462680639877,-1.30140467320895,0.0775256450680015,-0.114783985678631,-1.81183023687586,0.546186351277807,-0.630616599736667,-0.799376755554794
39820.0533214425,-0.23503260741513,1.7881321263889,-0.303781611739302,1.48822256756963,-1.25700281744228,-0.589642798866758,0.0523413093128796,-0.79565264710094,-1.03222405238576,-0.200802462833889,-0.968922447665676,2.0534901780863,-1.07989288898763,0.437803190164263,0.216828636063976,0.438513990288196,0.285317641943547,1.12328261053775,1.52059626237054,0.854265795904054,0.328499429031372,0.198711718376421,1.03633084952855,-1.07654546283366,0.504348253602642,-1.24654402062504,-0.845713043671027,-0.583537390355888,-0.200669470722555,1.72828455678995,0.919594445137018,-1.15570183809625,1.10505619852439,1.04770698000385,-0.589828236733347,1.17350206911544,-1.11227588568161,1.38457478770902,-0.901974800017494,-1.30389736398017,2.32071730078392,0.262675283945927,1.14294581959965,-2.375623689187,-1.32324082233136,1.26321549425271,-0.998442510690201,0.842195902215895,0.841333296978707,-0.216235799992796
7215.14688591148,0.256915870877532,-1.04710735806835,1.19544714257686,-0.575539297020954,-1.60085944130072,1.42772213765368,0.814948301210955,-0.163515488546887,0.581111763100451,-0.769782885952128,2.11147998888274,0.411086967003528,-2.29054367888249,2.81366533240141,-0.404447497854564,0.880223326029269,-0.564795204452689,0.996575177476967,-0.367699297440111,-1.69829834524465,0.174257977414531,1.19540887161581,0.0625191161244086,0.276392612630017,1.88918549130152,2.1467908477062,1.29590191583582,2.92368618595195,1.24280348722466,-0.830929934294106,-0.979416633351567,-2.13854147166037,-0.408774185716326,0.0609228454879501,-0.761015112650808,1.98870036208369,0.397107041448646,0.804316336161507,-0.804498628004503,-0.419081481523996,-0.0654301739451689,1.99596548080319,1.03118852887247,0.591057728314815,1.43076868099038,0.718397221826707,0.084130872032434,1.20570945109038,0.542168909967599,0.260015738253977
33710.0934448877,1.32152283020523,-2.46208351660096,0.852262029130104,-0.189419784031312,1.78382411189171,0.883728586716202,0.626067196497674,-0.614652111655743,0.96508026682876,0.12807424497582,0.173323919443053,0.560099970653716,0.792266751744703,-0.910428611449327,-0.316366093081626,0.906968387739419,1.14881232018898,1.75036444565316,-0.550103777514206,0.734099103976672,-0.269275232764582,-0.988931231021091,2.25293478602814,0.807706160256724,-0.335166647690616,1.37747216088394,0.772221658943386,1.90880876061792,0.71072809183666,0.397191897382841,2.20619762353861,-0.620149434218005,-0.49126490833247,0.115604778149752,1.62089563753583,-0.0243110329359558,1.36239479195676,-0.691372499201608,-0.43569479798075,0.168111542727819,1.00901479102595,-1.57015465037468,-0.708515758679282,0.422001221779666,2.3153980912106,0.798703721185217,0.677378205819532,1.60871291379008,-0.860294184846058,-0.289223140495927
1774.21635931024,0.308886473512727,0.0861976165196997,0.0176312035139825,0.724533307673975,-0.155421654176252,-1.09078700399,1.6238646697192,0.122413639025631,0.924188568143542,-0.134182120131215,-0.227622644964542,0.407779708924646,0.477864587387542,0.707786630192689,0.499298223297033,-0.111640472893393,1.33088092600772,-1.20337781999125,-0.133409848684151,2.18460040228523,0.017845331069934,1.77519304973803,0.590011622360219,-1.45990064930728,0.00365614958284315,0.989628256260772,-1.09873620394303,0.214124996381994,-0.45357517009662,-0.494433841744756,0.641280004914508,-1.51462647298352,0.561097766799247,-0.936949398850669,-0.270098523169086,-0.841281724175177,-0.489680834585714,1.10345650837504,0.252026039769919,-0.983810039738472,-1.01937691485372,-1.49122221902306,0.0768218512309142,-0.518178357823843,-0.468918591127722,0.443669603091248,-1.59229635753176,0.801495962062537,0.692786165438832,-1.02383183892578
14018.7063797708,-1.74562342894123,0.471854596922496,-0.259036474385998,0.00774844858890915,0.753370694824017,0.00621423700039231,0.0582513725997193,-0.657193608074569,-1.1042583995515,-1.57129620414403,-0.973095294156459,0.767606200232588,0.0163694952573639,-0.0755970789211552,1.45888648377963,1.83146128910444,0.0479844441443838,-1.59574958638331,0.213927146405998,-0.313801033286997,0.771539355651229,-1.74177542990766,-0.410824724632152,-0.517905336026693,0.103978339967601,-1.10057372088943,-0.890801106925297,0.17568664442026,0.468681609066202,-0.0946166686268032,-1.20741429406785,1.15057857369391,-0.209157954661465,-0.534172750537597,0.316668265748043,-0.00289523008160064,-1.64918829698407,0.408400532979227,0.342048698523162,-0.554010931769164,-0.860667178803045,2.1206363901927,2.01201518487796,-0.41771603479347,-1.07431093599974,-1.31337866608073,-0.613604643644775,-1.49837446025376,-0.175234286274915,0.176369635173987
